id,symbol,name,image,current_price,market_cap,market_cap_rank,fully_diluted_valuation,total_volume,high_24h,low_24h,price_change_24h,price_change_percentage_24h,market_cap_change_24h,market_cap_change_percentage_24h,circulating_supply,total_supply,max_supply,ath,ath_change_percentage,ath_date,atl,atl_change_percentage,atl_date,roi,last_updated,price_change_percentage_24h_in_currency,price_change_percentage_30d_in_currency,price_change_percentage_7d_in_currency,Ticker
bitcoin,btc,Bitcoin,https://coin-images.coingecko.com/coins/images/1/large/bitcoin.png?1696501400,84094.0,1689350002092,1,1689351263518,42234246313.0,86589.0,83654.0,-2350.408397745705,-2.82387,-47166707553.43677,-2.71617,20088575.0,20088590.0,21000000.0,126080.0,-33.30079,2025-10-06T10:57:42.000Z,67.81,123916.41094,2013-07-05T16:00:00.000Z,,2026-09-24T05:57:20.000Z,-2.82387,4.4072,9.9777,BTC-USD
ethereum,eth,Ethereum,https://coin-images.coingecko.com/coins/images/279/large/ethereum.png?1696501628,2685.88,327883238870,2,327883238870,16921659093.0,2760.67,2642.7,-70.76523324344862,-2.63937,-8630364191.068726,-2.56464,122076229.26807936,122076229.2680793,,4946.05,-45.69632,2025-08-24T11:21:03.000Z,0.432979,620227.34014,2015-10-19T16:00:00.000Z,"{'times': 41.71590312814417, 'currency': 'btc', 'percentage': 4171.590312814417}",2026-09-24T05:57:20.000Z,-2.63937,7.3446,10.1729,ETH-USD
tether,usdt,Tether,https://coin-images.coingecko.com/coins/images/325/large/Tether.png?1696501661,0.999827,183510276660,3,188976256515,77962955037.0,0.999937,0.99964,4.877e-05,0.00311,80859316.0,0.04408,183542716766.92896,189009662872.4462,,1.32,-24.43273,2018-07-23T16:00:00.000Z,0.572521,74.63585,2015-03-01T16:00:00.000Z,,2026-09-24T05:57:20.000Z,0.00311,-0.0016,0.0555,USDT-USD
binancecoin,bnb,BNB,https://coin-images.coingecko.com/coins/images/825/large/bnb-icon2_2x.png?1696501970,772.88,102917647081,4,102917643518,1260143463.0,792.34,758.22,-17.209838121012695,-2.2398,-2290877639.5804443,-2.17746,133159945.41,133159938.8,200000000.0,1369.99,-43.58498,2025-10-13T00:41:24.000Z,0.0398177,1940949.1721,2017-10-18T16:00:00.000Z,,2026-09-24T05:57:20.000Z,-2.2398,7.7314,6.2891,BNB-USD
ripple,xrp,XRP,https://coin-images.coingecko.com/coins/images/44/large/xrp-symbol-white-128.png?1696501442,1.51,94779395030,5,150710812198,5289820484.0,1.64,1.48,-0.09922792576915196,-6.35228,-6234961339.228119,-6.17235,62879209849.0,99985622230.0,100000000000.0,3.65,-58.66433,2025-07-17T19:40:53.000Z,0.00268621,56010.89769,2014-05-21T16:00:00.000Z,,2026-09-24T05:57:20.000Z,-6.35228,-0.8612,15.1653,XRP-USD
usd-coin,usdc,USDC,https://coin-images.coingecko.com/coins/images/6319/large/USDC.png?1769615602,0.999867,75412153045,6,75417790316,20808426484.0,0.999931,0.999676,1.689e-05,-0.00036,144006469.0,0.19132,75422178254.44742,75414934538.26707,,1.043,-4.17816,2018-11-14T16:00:00.000Z,0.877647,13.92592,2023-03-11T00:02:13.000Z,,2026-09-24T05:57:20.000Z,-0.00036,-0.0045,0.022,USDC-USD
solana,sol,Solana,https://coin-images.coingecko.com/coins/images/4128/large/solana.png?1718769756,115.06,67606407559,7,73017784605,5050982541.0,119.2,113.31,-3.2904519998495942,-2.89898,-1923440833.3447876,-2.76635,587577505.6821077,634608567.8064736,,293.31,-60.77319,2025-01-19T03:15:27.000Z,0.500801,22874.56851,2020-05-11T11:35:23.000Z,,2026-09-24T05:57:20.000Z,-2.89898,13.6375,15.5022,SOL-USD
tron,trx,TRON,https://coin-images.coingecko.com/coins/images/1094/large/photo_2026-04-13_09-59-16.png?1776048311,0.343374,32606301819,8,32606388522,513222154.0,0.344261,0.338585,-0.000392283816851968,-0.13833,-38334098.9057312,-0.11743,94964403310.6697,94964736281.344,,0.431288,-20.38414,2024-12-03T16:10:40.000Z,0.00180434,18930.42864,2017-11-11T16:00:00.000Z,"{'times': 179.65466435116215, 'currency': 'usd', 'percentage': 17965.466435116217}",2026-09-24T05:57:20.000Z,-0.13833,-0.4747,2.2597,TRX-USD
zcash,zec,Zcash,https://coin-images.coingecko.com/coins/images/486/large/Brandmark-Yellow_%281%29.png?1785810558,1516.46,25703343522,9,25703634974,1745175690.0,1658.86,1482.0,-102.98417757759967,-6.45042,-1738333840.0921402,-6.33465,16949145.4780448,16949393.9155448,21000000.0,3191.93,-52.49077,2016-10-28T16:00:00.000Z,16.08,9330.65186,2024-07-04T20:22:29.000Z,,2026-09-24T05:57:20.000Z,-6.45042,79.006,10.233,ZEC-USD
figure-heloc,figr_heloc,Figure Heloc,https://coin-images.coingecko.com/coins/images/68480/large/figure.png?1755863954,1.035,23843427951,10,23843427951,29859361.0,1.035,1.022,0.00377145,0.36769,165707819.0,0.69985,23042572971.368,23042572971.368,,1.061,-2.43133,2026-08-03T14:19:20.000Z,0.155357,566.04939,2025-10-31T06:27:24.000Z,,2026-09-24T05:57:20.000Z,0.36769,-0.4315,0.5071,FIGR_HELOC-USD
hyperliquid,hype,Hyperliquid,https://coin-images.coingecko.com/coins/images/50882/large/hyperliquid.jpg?1729431300,92.61,20598362666,11,88460961189,1135565769.0,97.58,91.42,-4.7532954797992915,-5.04178,-1060045688.4541931,-4.89438,222445714.07414138,955307079.4341414,1000000000.0,97.96,-5.46255,2026-09-23T05:16:50.000Z,3.81,2331.55573,2024-11-29T01:30:30.000Z,,2026-09-24T05:57:20.000Z,-5.04178,14.6416,16.5766,HYPE-USD
dogecoin,doge,Dogecoin,https://coin-images.coingecko.com/coins/images/5/large/dogecoin.png?1696501409,0.094292,14714289948,12,16196110041,1760135024.0,0.102782,0.09172,-0.006902829302146432,-7.10166,-1075041436.1960697,-6.80866,156041516383.70526,171755713126.579,,0.731578,-87.11119,2021-05-07T21:08:23.000Z,8.69e-05,108401.32952,2015-05-05T16:00:00.000Z,,2026-09-24T05:57:20.000Z,-7.10166,2.4402,16.051,DOGE-USD
monero,xmr,Monero,https://coin-images.coingecko.com/coins/images/69/large/monero_logo.png?1696501460,551.65,10376094290,13,10376105875,141408058.0,573.57,544.18,-20.242390419278195,-3.60073,-380272985.63077927,-3.53533,18808713.69667869,18808746.09665516,,797.73,-30.84739,2026-01-14T11:34:07.000Z,0.216177,255086.85828,2015-01-13T16:00:00.000Z,,2026-09-24T05:57:20.000Z,-3.60073,24.2542,10.3656,XMR-USD
whitebit,wbt,WhiteBIT Coin,https://coin-images.coingecko.com/coins/images/27045/large/wbt_token.png?1696526096,84.49,10042127521,14,24791956282,130949840.0,87.01,83.79,-2.4204907257571477,-2.83496,-286864201.42432785,-2.77727,118852171.0,293421670.0,400000000.0,87.91,-3.89875,2026-09-21T20:29:10.000Z,3.06,2659.44239,2023-02-13T11:01:21.000Z,,2026-09-24T05:57:20.000Z,-2.83496,13.7177,7.5105,WBT-USD
usds,usds,USDS,https://coin-images.coingecko.com/coins/images/39926/large/usds.webp?1726666683,1.0,9648048675,15,9647699226,147700288.0,1.0,0.999674,0.00012643,0.00101,49629332.0,0.51706,9648897776.97589,9694244755.883585,,1.057,-5.42016,2024-10-28T21:40:51.000Z,0.948265,5.45718,2024-10-03T05:19:28.000Z,,2026-09-24T05:57:20.000Z,0.00101,0.0063,0.0511,USDS-USD
chainlink,link,Chainlink,https://coin-images.coingecko.com/coins/images/877/large/Chainlink_Logo_500.png?1760023405,12.39,9269078386,16,12390160076,596388642.0,13.08,12.1,-0.5803544651018253,-4.60931,-434445600.88100624,-4.47719,748099970.424884,1000000000.0,1000000000.0,52.7,-76.48693,2021-05-09T16:13:57.000Z,0.148183,8261.66812,2017-11-28T16:00:00.000Z,,2026-09-24T05:57:20.000Z,-4.60931,5.3574,11.2112,LINK-USD
cardano,ada,Cardano,https://coin-images.coingecko.com/coins/images/975/large/cardano.png?1696502090,0.240592,9029152561,17,10826592612,677036429.0,0.25981,0.234722,-0.014744701603395222,-5.99679,-553392531.6411285,-5.77501,37529061988.535576,45000000000.0,45000000000.0,3.09,-92.20606,2021-09-01T22:00:10.000Z,0.01925275,1149.65,2020-03-12T18:22:55.000Z,,2026-09-24T05:57:20.000Z,-5.99679,6.8792,23.036,ADA-USD
rain,rain,Rain,https://coin-images.coingecko.com/coins/images/69134/large/Rain_logo_1_.png?1762952191,0.01219452,8649429632,18,13932068986,21619803.0,0.0131249,0.01216348,-0.000905440315275792,-6.90352,-641586433.78825,-6.90545,709240111845.3649,1142408526965.963,1150000000000.0,0.01946402,-37.3484,2026-08-25T19:53:00.000Z,0.00222126,448.99148,2025-09-14T00:56:57.000Z,,2026-09-24T05:57:20.000Z,-6.90352,-16.9571,-5.4298,RAIN-USD
leo-token,leo,LEO Token,https://coin-images.coingecko.com/coins/images/8418/large/leo-token.png?1696508607,8.96,8240314023,19,8826019024,259125.0,9.03,8.95,-0.01840662715836139,-0.20015,-16949412.829414368,-0.20527,919857851.9,985239504.0,,10.61,-15.59319,2026-05-04T09:35:00.000Z,0.799859,1019.98048,2019-12-24T07:14:35.000Z,,2026-09-24T05:57:20.000Z,-0.20015,-3.802,0.8098,LEO-USD
stellar,xlm,Stellar,https://coin-images.coingecko.com/coins/images/100/large/fmpFRHHQ_400x400.jpg?1735231350,0.203242,7101134202,20,10162658820,357954276.0,0.222324,0.198654,-0.014815491390687996,-7.04497,-516193532.3305435,-6.77657,34938632198.69003,50001786839.70147,,0.875563,-76.78733,2018-01-02T16:00:00.000Z,0.00047612,42586.74213,2015-03-04T16:00:00.000Z,,2026-09-24T05:57:20.000Z,-7.04497,2.324,10.5989,XLM-USD
bitcoin-cash,bch,Bitcoin Cash,https://coin-images.coingecko.com/coins/images/780/large/bitcoin-cash-circle.png?1696501932,338.45,6801131086,21,6801229454,1115742244.0,365.1,330.25,-1.6466456584605567,-1.06384,-32521222.71921158,-0.4759,20093640.52165077,20093953.02165077,21000000.0,3785.82,-91.06002,2017-12-19T16:00:00.000Z,76.93,339.91999,2018-12-15T16:00:00.000Z,,2026-09-24T05:57:20.000Z,-1.06384,24.3993,55.42,BCH-USD
uniswap,uni,Uniswap,https://coin-images.coingecko.com/coins/images/12504/large/uniswap-logo.png?1720676669,9.27,5756047799,22,8234524248,1422696762.0,10.55,9.07,-1.130779120074644,-11.0141,-702032822.6418276,-10.87061,620660422.6104751,887908418.9163101,1000000000.0,44.92,-79.35375,2021-05-02T21:25:04.000Z,1.03,800.22861,2020-09-16T17:20:38.000Z,,2026-09-24T05:57:20.000Z,-11.0141,113.8517,37.662,UNI-USD
near,near,NEAR Protocol,https://coin-images.coingecko.com/coins/images/10365/large/near.jpg?1696510367,4.35,5688968856,23,5688968817,2498997952.0,4.79,4.09,-0.07954141707010276,-2.30467,-102984375.93960667,-1.77806,1307135507.0,1307161736.0,,20.44,-78.70763,2022-01-16T14:09:45.000Z,0.526762,726.13344,2020-11-04T08:09:15.000Z,,2026-09-24T05:57:20.000Z,-2.30467,127.977,66.6428,NEAR-USD
litecoin,ltc,Litecoin,https://coin-images.coingecko.com/coins/images/2/large/litecoin.png?1696501400,67.43,5236652462,24,5236842157,947515805.0,68.67,59.11,3.59,5.36899,280311189.0,5.65561,77641291.98887224,77644229.49699822,84000000.0,410.26,-83.56349,2021-05-09T19:13:07.000Z,1.15,5769.59428,2015-01-13T16:00:00.000Z,,2026-09-24T05:57:20.000Z,5.36899,30.8797,31.2436,LTC-USD
ethena-usde,usde,Ethena USDe,https://coin-images.coingecko.com/coins/images/33613/large/usde.png?1733810059,0.999697,4892076035,25,4892076035,66680694.0,1.001,0.999558,-7.0607181243409e-05,-0.00701,-1510187.5833301544,-0.03086,4893564084.141988,4893764094.997988,,1.034,-3.31977,2025-12-09T09:10:12.000Z,0.929486,7.5537,2024-10-03T23:57:15.000Z,,2026-09-24T05:57:20.000Z,-0.00701,0.0027,0.0456,USDE-USD
dai,dai,Dai,https://coin-images.coingecko.com/coins/images/9956/large/Badge_Dai.png?1696509996,0.999912,4601109472,26,4588593798,169461708.0,1.0,0.999552,0.00011081,-0.00956,-10446508.870372772,-0.22653,4601551387.217689,4593012711.29322,,1.22,-17.96811,2020-03-12T19:02:50.000Z,0.88196,13.37383,2023-03-10T23:50:50.000Z,,2026-09-24T05:57:20.000Z,-0.00956,-0.0034,-0.0039,DAI-USD
avalanche-2,avax,Avalanche,https://coin-images.coingecko.com/coins/images/12559/large/Avalanche_Circle_RedWhite_Trans.png?1696512369,10.25,4540867179,27,4814194870,619498205.0,11.27,10.15,-0.9271607057820965,-8.45715,-409525979.7449789,-8.2726,443056260.4793662,469725229.012629,720000000.0,144.96,-92.92979,2021-11-21T06:18:56.000Z,2.8,265.89896,2020-12-31T05:15:21.000Z,,2026-09-24T05:57:20.000Z,-8.45715,35.7112,37.0125,AVAX-USD
usd1-wlfi,usd1,USD1,https://coin-images.coingecko.com/coins/images/54977/large/USD1_1000x1000_transparent.png?1749297002,0.999424,4405880826,28,4405880826,1216137693.0,0.999581,0.999139,6.081e-05,0.00227,12881810.0,0.29323,4408506663.060374,4408506663.060374,,1.048,-4.62891,2026-07-09T10:14:50.000Z,0.988762,1.07831,2026-07-09T09:13:20.000Z,,2026-09-24T05:57:20.000Z,0.00227,-0.0293,0.0416,USD1-USD
canton-network,cc,Canton,https://coin-images.coingecko.com/coins/images/70468/large/Canton-Ticker_%281%29.png?1762826299,0.109025,4325014230,29,4325014230,19479762.0,0.116145,0.106336,-0.006778274701760928,-5.90886,-268256294.47601318,-5.8402,39671448424.47139,39671448424.47139,,0.194152,-43.84568,2026-02-03T00:02:08.000Z,0.059024,84.71207,2025-12-06T02:32:09.000Z,,2026-09-24T05:57:20.000Z,-5.90886,-13.0158,11.9071,CC-USD
the-open-network,gram,Gram (prev. Toncoin),https://coin-images.coingecko.com/coins/images/17980/large/Gram_Circular_Badge.png?1781524778,1.43,4008236963,31,7489957692,54210548.0,1.47,1.39,-0.042555148786970864,-2.94305,-118879298.13919258,-2.88044,2811929444.814367,5254481810.636496,,8.25,-82.72944,2024-06-14T16:36:51.000Z,0.519364,174.45974,2021-09-20T16:33:11.000Z,,2026-09-24T05:57:20.000Z,-2.94305,-3.9083,8.0179,GRAM-USD
hedera-hashgraph,hbar,Hedera,https://coin-images.coingecko.com/coins/images/3688/large/hbar.png?1696504364,0.091433,4007972868,30,4572001865,154788189.0,0.10029,0.088988,-0.007244300755635869,-7.47836,-317220298.65757513,-7.33425,43831706399.04751,50000000000.0,50000000000.0,0.569229,-83.9374,2021-09-15T02:40:28.000Z,0.00986111,827.20765,2020-01-02T09:30:24.000Z,,2026-09-24T05:57:20.000Z,-7.47836,9.533,22.7052,HBAR-USD
sui,sui,Sui,https://coin-images.coingecko.com/coins/images/26375/large/sui-ocean-square.png?1727791290,0.963271,3946415359,32,9633539787,965133342.0,1.036,0.941242,-0.05375613193950668,-5.4436,-219874947.58973598,-5.27748,4096537146.5409594,10000000000.0,10000000000.0,5.35,-81.98337,2025-01-04T14:56:18.000Z,0.364846,164.02109,2023-10-19T02:40:30.000Z,,2026-09-24T05:57:20.000Z,-5.4436,17.8112,33.9407,SUI-USD
shiba-inu,shib,Shiba Inu,https://coin-images.coingecko.com/coins/images/11939/large/shiba.png?1696511800,5.72e-06,3367854047,33,3369323538,152210937.0,6.2e-06,5.57e-06,-3.92708130404e-07,-6.54711,-231522701.5560069,-6.4323,589238967875888.2,589496069650408.0,,8.616e-05,-93.36596,2021-10-27T19:54:55.000Z,5.6366e-11,10140352.58157,2020-11-28T03:26:25.000Z,,2026-09-24T05:57:20.000Z,-6.54711,1.6611,15.0984,SHIB-USD
bittensor,tao,Bittensor,https://coin-images.coingecko.com/coins/images/28452/large/ARUsPeNQ_400x400.jpeg?1696527447,287.94,3265438049,34,6047296317,348893152.0,315.8,282.95,-23.4311651747704,-7.65543,-265363079.9904523,-7.51566,11339645.9251,21000000.0,21000000.0,757.6,-61.99382,2024-03-07T10:45:36.000Z,30.83,833.95059,2023-05-14T00:57:53.000Z,,2026-09-24T05:57:20.000Z,-7.65543,20.09,28.6918,TAO-USD
global-dollar,usdg,Global Dollar,https://coin-images.coingecko.com/coins/images/51281/large/GDN_USDG_Token_200x200.png?1730484111,0.999928,3254531035,35,3254531035,845218221.0,1.0,0.999841,-7.3597741993892e-05,-0.00954,-14122910.652694225,-0.43207,3254747890.046524,3253747890.046524,,1.65,-39.56369,2025-01-29T16:11:05.000Z,0.907561,10.1775,2024-11-11T15:55:50.000Z,,2026-09-24T05:57:20.000Z,-0.00954,-0.0281,-0.007,USDG-USD
crypto-com-chain,cro,Cronos,https://coin-images.coingecko.com/coins/images/7310/large/cro_token_logo.png?1696507599,0.062298,3098672640,36,6163686865,14795193.0,0.068533,0.060793,-0.00527976432111165,-7.933,-262522850.5756364,-7.8104,49740329856.61834,98940423948.30786,100000000000.0,0.891544,-93.01238,2021-11-23T16:00:00.000Z,0.0121196,414.0244,2019-02-07T16:00:00.000Z,,2026-09-24T05:57:20.000Z,-7.933,1.5558,5.7183,CRO-USD
bitway,btw,Bitway,https://coin-images.coingecko.com/coins/images/71205/large/BTW_Token_200x200.png?1786291907,1.077,2917266588,37,10772205763,26076453.0,1.094,0.898255,0.14665,15.91751,397348540.0,15.76831,2708142280.000001,10000000000.0,10000000000.0,1.094,-1.51286,2026-09-24T05:08:30.000Z,0.00911805,11713.35261,2026-03-03T06:55:24.000Z,,2026-09-24T05:57:20.000Z,15.91751,135.8862,47.77,BTW-USD
memecore,m,MemeCore,https://coin-images.coingecko.com/coins/images/53247/large/square-bg-transparent.png?1752637478,1.26,2881772050,38,6853350497,1220842.0,1.3,1.19,-0.03937756777565915,-3.01871,-89126180.31445694,-2.99997,2278070942.792089,5417660689.299314,10000000000.0,5.64,-77.58522,2026-07-02T04:14:00.000Z,0.04746135,2565.23109,2025-07-03T19:56:17.000Z,,2026-09-24T05:57:20.000Z,-3.01871,10.4996,12.583,M-USD
paypal-usd,pyusd,PayPal USD,https://coin-images.coingecko.com/coins/images/31212/large/PYUSD_Token_Logo_2x.png?1765987788,0.999991,2710611208,39,2710611308,53412995.0,1.0,0.999773,8.533e-05,0.00116,-119438524.35114431,-4.22037,2710809366.169159,2710809466.169159,,1.021,-2.03249,2023-10-23T14:44:57.000Z,0.959426,4.22803,2024-12-05T14:31:13.000Z,,2026-09-24T05:57:20.000Z,0.00116,0.0146,0.0421,PYUSD-USD
tether-gold,xaut,Tether Gold,https://coin-images.coingecko.com/coins/images/10481/large/logo.png?1774627372,4278.68,2664868070,40,3028228922,205162062.0,4336.43,4275.6,-55.51454012605154,-1.28162,-34571830.94479513,-1.2807,622823.6595320001,707747.089,,5504.62,-22.27102,2026-01-28T16:00:00.000Z,1447.84,195.52148,2020-03-19T05:45:41.000Z,,2026-09-24T05:57:20.000Z,-1.28162,-7.0887,-0.1647,XAUT-USD
okb,okb,OKB,https://coin-images.coingecko.com/coins/images/4463/large/WeChat_Image_20220118095654.png?1696505053,119.91,2518130541,41,2518130541,43250657.0,125.52,117.52,-4.570499314243591,-3.78687,-96019622.51174545,-3.67307,21000000.0,21000000.0,21000000.0,228.74,-47.57666,2025-10-04T16:00:00.000Z,0.580608,20552.978,2019-01-13T16:00:00.000Z,,2026-09-24T05:57:20.000Z,-3.78687,1.9005,7.3812,OKB-USD
hashnote-usyc,usyc,Circle USYC,https://coin-images.coingecko.com/coins/images/51054/large/Hashnote_SDYC_200x200.png?1730370965,1.14,2432731226,42,2432731226,0.0,1.14,1.14,0.00010924,0.0096,-76094330.63253593,-3.03307,2137408897.697903,2137408897.697903,,1.14,0.0,2026-09-23T12:50:20.000Z,1.026,10.92147,2024-12-05T14:31:20.000Z,,2026-09-24T05:57:20.000Z,0.0096,0.2661,0.0649,USYC-USD
ripple-usd,rlusd,Ripple USD,https://coin-images.coingecko.com/coins/images/39651/large/RLUSD_200x200_%281%29.png?1727376633,0.999993,2366941341,43,2366941341,324223960.0,1.0,0.999799,-5.920080918043e-06,-0.01006,-59642288.721707344,-2.45787,2366969061.410418,2366969064.607212,,1.073,-6.78819,2024-12-26T02:45:52.000Z,0.962292,3.91786,2024-12-17T20:40:40.000Z,,2026-09-24T05:57:20.000Z,-0.01006,-0.0067,0.008,RLUSD-USD
blackrock-usd-institutional-digital-liquidity-fund,buidl,BlackRock USD Institutional Digital Liquidity Fund,https://coin-images.coingecko.com/coins/images/36291/large/blackrock.png?1711013223,1.0,2290219820,44,2290219820,0.0,1.0,1.0,-1.11e-16,0.0,9326090.0,0.40888,2290219819.817649,2290219819.817649,,1.0,0.0,2025-02-11T21:00:10.000Z,1.0,0.0,2026-07-23T07:25:00.000Z,,2026-09-24T05:57:20.000Z,0.0,0.0,0.0,BUIDL-USD
ondo-us-dollar-yield,usdy,Ondo US Dollar Yield,https://coin-images.coingecko.com/coins/images/31700/large/usdy_%281%29.png?1696530524,1.14,2263510560,45,2263510684,6323245.0,1.15,1.14,-0.00360402968642104,-0.12356,-1175867.9616322517,-0.05192,1980021388.1621265,1980021388.162126,,1.26,-9.4896,2024-03-26T21:24:08.000Z,0.934184,22.37293,2024-01-14T03:40:50.000Z,,2026-09-24T05:57:20.000Z,-0.12356,0.4756,0.0533,USDY-USD
mantle,mnt,Mantle,https://coin-images.coingecko.com/coins/images/30980/large/MNT_Token_Logo.png?1765516974,0.664075,2193233999,46,4130587848,49045751.0,0.696315,0.644684,-0.024336126106395572,-3.68118,-80100917.02672005,-3.5235,3302294382.53684,6219316794.889999,6219316794.89,2.86,-76.7404,2025-10-08T17:04:46.000Z,0.307978,115.62439,2023-10-17T18:50:46.000Z,,2026-09-24T05:57:20.000Z,-3.68118,26.5626,18.1696,MNT-USD
aave,aave,Aave,https://coin-images.coingecko.com/coins/images/12645/large/aave-token-round.png?1720472354,139.31,2149736187,47,2229292338,351998411.0,154.8,136.63,-10.167450226018588,-7.09539,-156468827.09624147,-6.78469,15429012.340780582,16000000.0,16000000.0,661.69,-78.94695,2021-05-18T13:19:59.000Z,26.02,435.31561,2020-11-05T01:20:11.000Z,,2026-09-24T05:57:20.000Z,-7.09539,8.9371,14.5254,AAVE-USD
ethena,ena,Ethena,https://coin-images.coingecko.com/coins/images/36530/large/ethena.png?1711701436,0.209978,2119067783,48,3148591660,420816663.0,0.220042,0.19971,-0.007720519951752158,-3.78422,-78670401.53808355,-3.57961,10095312500.0,15000000000.0,15000000000.0,1.52,-86.16472,2024-04-11T05:15:15.000Z,0.070228,198.99316,2026-06-30T15:44:00.000Z,,2026-09-24T05:57:20.000Z,-3.78422,34.6795,37.5745,ENA-USD
ondo-finance,ondo,Ondo,https://coin-images.coingecko.com/coins/images/26580/large/ONDO.png?1696525656,0.430251,2095280585,49,4303015623,264905271.0,0.44237,0.406139,-0.006867595204610832,-1.83889,-33193764.289479256,-1.55951,4869330647.0,10000000000.0,10000000000.0,2.14,-79.89629,2024-12-15T16:36:00.000Z,0.082171,423.60434,2024-01-18T04:14:30.000Z,,2026-09-24T05:57:20.000Z,-1.83889,9.199,21.9519,ONDO-USD
polkadot,dot,Polkadot,https://coin-images.coingecko.com/coins/images/12171/large/polkadot.jpg?1766533446,1.13,1921477179,50,1921486579,220833430.0,1.2,1.083,-0.05810235138498787,-5.00772,-98827281.45265865,-4.8917,1704202212.362442,1704214505.434664,2100000000.0,54.98,-97.94922,2021-11-04T06:10:09.000Z,0.727004,55.0879,2026-08-18T02:57:10.000Z,,2026-09-24T05:57:20.000Z,-5.00772,24.1381,11.0328,DOT-USD
aster-2,aster,Aster,https://coin-images.coingecko.com/coins/images/69040/large/_ASTER.png?1757326782,0.706521,1915060011,51,5507980874,151367929.0,0.733971,0.6801,-0.020345341786710658,-2.89116,-55102872.24839854,-2.79687,2710487455.6497307,7795741639.279309,8000000000.0,2.41,-70.66838,2025-09-24T03:18:14.000Z,0.099713,608.55147,2025-09-17T04:05:36.000Z,,2026-09-24T05:57:20.000Z,-2.89116,0.8799,-2.8046,ASTER-USD
morpho,morpho,Morpho,https://coin-images.coingecko.com/coins/images/29837/large/Morpho-token-icon.png?1726771230,2.69,1882283419,52,2691326239,45671975.0,2.64,2.49,0.091763,3.35121,64672024.0,3.55808,699388796.4041159,1000000000.0,1000000000.0,4.17,-35.47882,2025-01-17T04:46:19.000Z,0.713151,277.32875,2024-11-24T17:55:43.000Z,,2026-09-24T05:57:20.000Z,3.35121,0.2601,23.781,MORPHO-USD
pax-gold,paxg,PAX Gold,https://coin-images.coingecko.com/coins/images/9519/large/asset-paxg.png?1785284785,4277.83,1860454445,53,1860454445,213515703.0,4333.55,4272.59,-53.66098606618925,-1.24326,-23327952.537958384,-1.23836,434903.623539,434903.623539,,5619.09,-23.86966,2026-01-28T22:30:56.000Z,1399.64,205.63774,2019-11-17T19:09:35.000Z,,2026-09-24T05:57:20.000Z,-1.24326,-7.3223,-0.2335,PAXG-USD
pepe,pepe,Pepe,https://coin-images.coingecko.com/coins/images/29850/large/pepe-token.jpeg?1696528776,4.4e-06,1852117211,54,1852117211,541787963.0,5.04e-06,4.3e-06,-5.36603629679e-07,-11.0993,-225631166.24005032,-10.85941,420690000000000.0,420690000000000.0,420690000000000.0,2.803e-05,-84.2933,2024-12-09T08:30:35.000Z,5.5142e-08,7883.51828,2023-04-17T18:14:41.000Z,,2026-09-24T05:57:20.000Z,-11.0993,5.0348,27.4381,PEPE-USD
pump-fun,pump,Pump.fun,https://coin-images.coingecko.com/coins/images/67164/large/pump.jpg?1751949376,0.00396541,1851002854,55,3300510040,171146491.0,0.00445522,0.00392504,-0.000467405383884871,-10.65468,-218857498.76926136,-10.57354,466754100487.5077,832259015522.1001,1000000000000.0,0.00881908,-55.03606,2025-09-14T08:42:40.000Z,0.00115473,243.40672,2026-06-25T17:04:20.000Z,,2026-09-24T05:57:20.000Z,-10.65468,-18.164,3.9139,PUMP-USD
world-liberty-financial,wlfi,World Liberty Financial,https://coin-images.coingecko.com/coins/images/50767/large/wlfi.png?1756438915,0.054962,1746488678,56,5495936627,54514342.0,0.058405,0.053389,-0.00319754492699495,-5.51349,-101701593.98484349,-5.50277,31777816895.0,100000000000.0,100000000000.0,0.331336,-83.41192,2025-09-01T04:20:09.000Z,0.04828182,13.83632,2026-09-11T10:24:10.000Z,,2026-09-24T05:57:20.000Z,-5.51349,-6.5123,-7.0068,WLFI-USD
sky,sky,Sky,https://coin-images.coingecko.com/coins/images/39925/large/sky.jpg?1724827980,0.070918,1661093519,57,1663701641,46252683.0,0.07593,0.068749,-0.001452290220825173,-2.14211,-34138596.56644988,-2.0138,23423027163.790066,23459804203.60596,23462665147.3,0.100535,-29.45978,2024-12-04T02:13:57.000Z,0.03582727,97.94356,2025-02-02T21:01:48.000Z,,2026-09-24T05:57:20.000Z,-2.14211,1.6973,23.2632,SKY-USD
internet-computer,icp,Internet Computer,https://coin-images.coingecko.com/coins/images/14495/large/Internet_Computer_logo.png?1696514180,2.97,1654161573,58,1654161573,114288841.0,3.17,2.84,-0.0421546431590043,-1.63275,-23274428.646986723,-1.3875,556906448.3646407,556906353.3193711,,700.65,-99.57612,2021-05-10T08:05:53.000Z,2.0,48.29746,2026-08-01T20:31:10.000Z,,2026-09-24T05:57:20.000Z,-1.63275,21.0925,15.029,ICP-USD
htx-dao,htx,HTX DAO,https://coin-images.coingecko.com/coins/images/35491/large/Frame_1321318576.png?1708908626,1.72e-06,1545293570,59,1545293570,9568154.0,1.74e-06,1.7e-06,-1.5680965569e-08,-0.94898,-14605535.802715063,-0.93631,898232728634017.2,898232728634017.2,999990000000000.0,3.75e-06,-54.1263,2024-12-03T16:16:20.000Z,8.00816e-07,114.89958,2024-08-05T05:31:33.000Z,,2026-09-24T05:57:20.000Z,-0.94898,-2.8076,2.5077,HTX-USD
worldcoin-wld,wld,Worldcoin,https://coin-images.coingecko.com/coins/images/31069/large/worldcoin.jpeg?1696529903,0.413944,1511017373,60,4139412040,485635012.0,0.462704,0.400932,-0.04401373426278238,-9.75217,-159778438.9214661,-9.56301,3650318833.8918195,10000000000.0,10000000000.0,11.74,-96.47425,2024-03-09T16:10:42.000Z,0.229961,80.00602,2026-05-18T15:06:00.000Z,,2026-09-24T05:57:20.000Z,-9.75217,0.9702,11.5154,WLD-USD
usdd,usdd,USDD,https://coin-images.coingecko.com/coins/images/25380/large/UUSD.jpg?1696524513,0.997874,1507576618,61,1508608744,1921186.0,0.999226,0.997433,-0.000362558690445769,-0.03822,-13021758.112317085,-0.85636,1511237875.0,1510829603.0,,1.24,-19.66935,2026-07-09T09:35:10.000Z,0.928067,7.52173,2022-06-19T08:15:11.000Z,,2026-09-24T05:57:20.000Z,-0.03822,-0.207,-0.0775,USDD-USD
arbitrum,arb,Arbitrum,https://coin-images.coingecko.com/coins/images/16547/large/arb.jpg?1721358242,0.217275,1474227765,62,2172590902,379786521.0,0.251305,0.214975,-0.0323246799694461,-13.10431,-219450024.08657336,-12.95701,6785574605.0,10000000000.0,10000000000.0,2.39,-90.91007,2024-01-12T04:29:59.000Z,0.07048,208.27945,2026-06-26T13:20:40.000Z,,2026-09-24T05:57:20.000Z,-13.10431,123.75,32.153,ARB-USD
venice-token,vvv,Venice Token,https://coin-images.coingecko.com/coins/images/54023/large/VVV_Token_Transparent.png?1741856877,30.55,1470885603,63,2476425036,67964222.0,32.6,29.33,-1.737166308917594,-5.45253,-82981311.55436397,-5.34031,48132083.390874356,81036933.97591323,,34.53,-11.51384,2026-09-21T08:17:30.000Z,0.91975,3221.77045,2025-12-01T10:55:48.000Z,,2026-09-24T05:57:20.000Z,-5.45253,85.2085,24.2581,VVV-USD
ethereum-classic,etc,Ethereum Classic,https://coin-images.coingecko.com/coins/images/453/large/ethereum-classic-logo.png?1696501717,9.22,1459710636,64,1459714315,120802158.0,9.57,8.65,-0.15047825501330436,-1.80628,-22985759.75720811,-1.55027,158265970.4548261,158266369.3540261,210700000.0,167.09,-94.48275,2021-05-06T10:34:22.000Z,0.615038,1398.854,2016-07-24T16:00:00.000Z,"{'times': 19.508412116138814, 'currency': 'usd', 'percentage': 1950.8412116138813}",2026-09-24T05:57:20.000Z,-1.80628,16.6484,25.0901,ETC-USD
united-stables,u,United Stables,https://coin-images.coingecko.com/coins/images/71157/large/united-stables-logo.jpg?1766061640,0.999462,1459603937,65,1460104045,187422251.0,0.999545,0.998874,0.00014909,0.00908,40150267.0,2.82857,1460409007.8,1460909391.63,,1.008,-0.82523,2026-02-05T13:06:07.000Z,0.968158,3.23338,2025-12-20T16:47:20.000Z,,2026-09-24T05:57:20.000Z,0.00908,0.0068,-0.031,U-USD
spiko-amundi-overnight-swap-fund-eur,eursafo,Spiko Amundi Overnight Swap Fund (EUR),https://coin-images.coingecko.com/coins/images/102172591/large/Fund_eurSAF0.png?1774104814,1.15,1456317499,66,1456317499,0.0,1.16,1.15,-0.00431937233896984,-0.37321,9619963.0,0.66496,1263010543.63882,1263010543.63882,,1.18,-2.59428,2026-08-21T11:35:00.000Z,1.15,0.08797,2026-09-24T02:20:10.000Z,,2026-09-24T05:57:20.000Z,-0.37321,-2.1769,-0.6088,EURSAFO-USD
bitget-token,bgb,Bitget Token,https://coin-images.coingecko.com/coins/images/11610/large/Bitget_logo.png?1736925727,2.03,1420561144,67,1848619334,13303088.0,2.12,2.0,-0.08476772438340463,-4.08133,-59273747.71954727,-4.00543,699992029.6481038,910920874.6481038,2000000000.0,8.45,-75.98547,2024-12-27T03:41:24.000Z,0.0142795,14111.32155,2020-06-24T20:17:05.000Z,,2026-09-24T05:57:20.000Z,-4.08133,3.4139,5.8495,BGB-USD
usdgo,usdgo,USDGO,https://coin-images.coingecko.com/coins/images/102172077/large/USDGO_Primary_Icon.png?1789694084,0.999835,1417545644,68,1417545644,15483434.0,1.0,0.999762,-0.00046304534798558,-0.00247,3343789.0,0.23644,1417780805.97,1417780805.97,,1.002,-0.25683,2026-03-11T00:04:22.000Z,0.999259,0.05764,2026-05-13T20:34:00.000Z,,2026-09-24T05:57:20.000Z,-0.00247,0.0315,0.0155,USDGO-USD
falcon-finance,usdf,Falcon USD,https://coin-images.coingecko.com/coins/images/54558/large/ff_200_X_200.png?1740741076,0.995723,1371501534,69,1371501534,477298.0,0.996672,0.993875,-3.2689761168103e-05,0.00092,298446.0,0.02177,1377398957.226253,1377398957.226253,,1.075,-7.33862,2025-05-08T13:25:42.000Z,0.943422,5.54369,2025-07-08T02:16:34.000Z,,2026-09-24T05:57:20.000Z,0.00092,-0.045,0.0147,USDF-USD
bfusd,bfusd,BFUSD,https://coin-images.coingecko.com/coins/images/68227/large/bfusd.png?1755132827,0.999714,1319618224,70,1319618224,6768414.0,1.0,0.999553,-7.2037952968951e-05,-0.00908,-99890.33233118057,-0.00757,1320000000.0,1320000000.0,,1.007,-0.71605,2025-10-10T13:40:40.000Z,0.996931,0.27922,2026-07-29T19:14:40.000Z,,2026-09-24T05:57:20.000Z,-0.00908,-0.034,0.0555,BFUSD-USD
lighter,lit,Lighter,https://coin-images.coingecko.com/coins/images/71121/large/lighter.png?1765888098,5.22,1306260415,71,5225041658,161028829.0,5.54,5.08,0.04182199,0.55656,10560194.0,0.81502,250000000.0,1000000000.0,1000000000.0,7.86,-33.52729,2025-12-30T01:05:21.000Z,0.779399,570.34023,2026-03-31T09:55:00.000Z,,2026-09-24T05:57:20.000Z,0.55656,51.9499,8.7271,LIT-USD
gatechain-token,gt,Gate,https://coin-images.coingecko.com/coins/images/8183/large/200X200.png?1735246724,10.61,1131333490,72,1261307831,2182746.0,11.23,10.39,-0.5692368492214417,-5.11348,-60694785.58256364,-5.09172,106638772.82870822,118890104.11436352,142622844.0,25.38,-58.20192,2025-01-25T16:00:00.000Z,0.25754,4019.3798,2020-03-12T18:18:02.000Z,,2026-09-24T05:57:20.000Z,-5.11348,30.4973,12.4625,GT-USD
kaspa,kas,Kaspa,https://coin-images.coingecko.com/coins/images/25751/large/kaspa-icon-exchanges.png?1696524837,0.03945122,1093469152,73,1093473852,19461401.0,0.04234695,0.0381024,-0.002384206400262483,-5.89953,-66037815.84746742,-5.69534,27717914681.566536,27718186920.24748,28704026601.0,0.207411,-80.97921,2024-07-31T16:40:47.000Z,0.00017105,22964.19811,2022-05-26T06:42:59.000Z,,2026-09-24T05:57:20.000Z,-5.89953,32.2515,16.7682,KAS-USD
polygon-ecosystem-token,pol,POL (ex-MATIC),https://coin-images.coingecko.com/coins/images/32440/large/pol.png?1759114181,0.102954,1093434561,74,1093434561,116394141.0,0.11333,0.10006,-0.006531216016868735,-6.16633,-80176821.46507978,-6.83163,10619918238.501362,10619918238.501362,,1.29,-92.00393,2024-03-13T10:55:06.000Z,0.067711,52.0494,2026-07-01T01:13:30.000Z,,2026-09-24T05:57:20.000Z,-6.16633,-12.9631,5.9208,POL-USD
quant-network,qnt,Quant,https://coin-images.coingecko.com/coins/images/3370/large/5ZOu7brX_400x400.jpg?1696504070,71.91,1045688799,75,1050600603,12675528.0,75.79,69.78,-2.7595309689813377,-3.82494,-40330276.04918933,-3.71359,14544176.164081175,14612493.0,14612493.0,427.42,-83.1757,2021-09-11T01:15:00.000Z,0.215773,33227.02941,2018-08-22T16:00:00.000Z,"{'times': 10.507132479501829, 'currency': 'eth', 'percentage': 1050.713247950183}",2026-09-24T05:57:20.000Z,-3.82494,9.4334,18.6424,QNT-USD
kucoin-shares,kcs,KuCoin,https://coin-images.coingecko.com/coins/images/1047/large/sa9z79.png?1696502152,7.26,996206043,76,1032522834,12949530.0,7.44,7.1,-0.13747946386491527,-1.91191,-18870037.072629213,-1.85898,137155021.2773955,142155021.2773955,,28.83,-74.8058,2021-12-01T07:09:35.000Z,0.342863,2018.47263,2019-02-06T16:00:00.000Z,,2026-09-24T05:57:20.000Z,-1.91191,-7.1522,3.0937,KCS-USD
pi-network,pi,Pi Network,https://coin-images.coingecko.com/coins/images/54342/large/pi_network.jpg?1739347576,0.087923,988565420,77,1520869877,8446672.0,0.092358,0.087185,-0.003468510212515916,-3.76609,-38951154.449001074,-3.79081,11243022455.380999,17296957623.66307,100000000000.0,2.99,-97.05708,2025-02-26T08:41:03.000Z,0.070586,24.56137,2026-07-14T02:37:30.000Z,,2026-09-24T05:57:20.000Z,-3.76609,-2.3549,6.0331,PI-USD
blockchain-capital,bcap,Blockchain Capital,https://coin-images.coingecko.com/coins/images/56040/large/bcap_logo_200.png?1748088291,107.53,979825296,78,979825296,0.0,107.53,107.53,0.0,0.0,0.0,0.0,9112111.0,9112111.0,,107.53,0.0,2026-09-22T04:10:00.000Z,17.76,505.46171,2025-06-02T12:50:02.000Z,,2026-09-24T05:57:20.000Z,0.0,1.2047,0.9292,BCAP-USD
algorand,algo,Algorand,https://coin-images.coingecko.com/coins/images/4380/large/download.png?1696504978,0.105466,955063669,79,955065992,51095191.0,0.112871,0.103017,-0.006060940744487556,-5.52452,-53446181.50350082,-5.29952,9055847862.148556,9055873962.56143,10000000000.0,3.56,-97.03843,2019-06-20T06:51:19.000Z,0.075732,39.26202,2026-07-29T20:10:10.000Z,"{'times': -0.9560414432619398, 'currency': 'usd', 'percentage': -95.60414432619399}",2026-09-24T05:57:20.000Z,-5.52452,13.2541,16.4079,ALGO-USD
jupiter-exchange-solana,jup,Jupiter,https://coin-images.coingecko.com/coins/images/34188/large/jup.png?1704266489,0.287542,954579569,80,1973216776,105343676.0,0.305864,0.276615,-0.01315475090825624,-4.4775,-43545599.035579324,-4.36274,3319369204.37,6861486685.688868,10000000000.0,2.0,-85.62297,2024-01-31T07:02:47.000Z,0.135801,111.73826,2026-02-12T10:35:44.000Z,,2026-09-24T05:57:20.000Z,-4.4775,31.7289,34.7373,JUP-USD
akedo,ake,Akedo,https://coin-images.coingecko.com/coins/images/68410/large/akedo.png?1755678461,0.04056644,924378584,81,4054958968,26560486.0,0.052469,0.04016857,-0.008946343616736636,-18.13035,-204327202.62347007,-18.10279,22796250000.0,100000000000.0,100000000000.0,0.146656,-72.33896,2026-09-20T10:33:30.000Z,0.00017407,23204.1546,2026-07-10T12:36:10.000Z,,2026-09-24T05:57:20.000Z,-18.13035,384.4894,111.1482,AKE-USD
render-token,render,Render,https://coin-images.coingecko.com/coins/images/11636/large/rndr.png?1696511529,1.76,915183613,82,941222332,74803076.0,1.88,1.7,-0.07929057638134718,-4.44886,-41152496.834456325,-4.30314,518776241.28269154,533536414.5626915,644245094.0,13.53,-86.96568,2024-03-17T08:30:24.000Z,0.03665669,4712.64312,2020-06-16T05:22:25.000Z,,2026-09-24T05:57:20.000Z,-4.44886,16.657,29.0136,RENDER-USD
cosmos,atom,Cosmos Hub,https://coin-images.coingecko.com/coins/images/1481/large/cosmos_hub.png?1696502525,1.71,912515963,83,912546786,61117542.0,1.84,1.68,-0.10720643781873318,-6.10169,-56857017.567674994,-5.86534,532242871.014854,532265988.789177,,43.84,-96.0897,2021-09-19T16:00:00.000Z,1.16,47.79269,2020-03-12T18:27:44.000Z,"{'times': 16.13567759128077, 'currency': 'usd', 'percentage': 1613.567759128077}",2026-09-24T05:57:20.000Z,-6.10169,10.7329,12.274,ATOM-USD
just,jst,JUST,https://coin-images.coingecko.com/coins/images/11095/large/JUST.jpg?1696511035,0.110328,903419919,84,903419919,21773626.0,0.11303,0.109697,-0.002560429432795552,-2.2983,-20990349.277436614,-2.27067,8188743036.341737,8188743036.341737,9900000000.0,0.193254,-42.91067,2021-04-04T20:34:23.000Z,0.00476275,2216.46769,2020-05-08T22:08:54.000Z,,2026-09-24T05:57:20.000Z,-2.2983,9.0841,-5.0963,JST-USD
nexo,nexo,NEXO,https://coin-images.coingecko.com/coins/images/3695/large/CG-nexo-token-200x200_2x.png?1730414360,0.869925,870120169,85,870120169,4871242.0,0.897786,0.849772,-0.020903639782201,-2.38521,-20707975.75516045,-2.32458,1000000000.0,1000000000.0,1000000000.0,4.07,-78.61527,2021-05-12T06:37:47.000Z,0.04515276,1826.62524,2018-09-12T16:00:00.000Z,"{'times': 7.691129490215542, 'currency': 'usd', 'percentage': 769.1129490215542}",2026-09-24T05:57:20.000Z,-2.38521,3.6162,8.4175,NEXO-USD
pancakeswap-token,cake,PancakeSwap,https://coin-images.coingecko.com/coins/images/12632/large/pancakeswap-cake-logo_%281%29.png?1696512440,2.63,838127884,86,868688762,95956710.0,2.68,2.52,-0.035551508427190015,-1.46638,-11374178.755802989,-1.33892,318995996.22020096,330627631.6090779,400000000.0,43.96,-94.0236,2021-04-30T02:08:22.000Z,0.194441,1251.31319,2020-11-03T06:29:34.000Z,,2026-09-24T05:57:20.000Z,-1.46638,47.4533,14.0506,CAKE-USD
filecoin,fil,Filecoin,https://coin-images.coingecko.com/coins/images/12817/large/filecoin.png?1696512609,0.979166,813870130,87,1917097082,214996785.0,1.054,0.91861,-0.06232996735541729,-6.24827,-51365869.52605951,-5.93663,830823857.0,1957032086.0,,236.84,-99.58657,2021-04-01T05:29:41.000Z,0.612413,59.88652,2026-08-18T03:52:30.000Z,,2026-09-24T05:57:20.000Z,-6.24827,26.3846,20.2169,FIL-USD
injective-protocol,inj,Injective,https://coin-images.coingecko.com/coins/images/12882/large/Other_200x200.png?1738782212,7.95,794751840,88,794751840,201472718.0,8.28,7.53,0.061209,0.67033,6226047.0,0.78958,100000000.0,100000000.0,,52.62,-84.89858,2024-03-14T07:06:22.000Z,0.657401,1108.77047,2020-11-03T08:19:30.000Z,,2026-09-24T05:57:20.000Z,0.67033,36.0656,45.2507,INJ-USD
vechain,vet,VeChain,https://coin-images.coingecko.com/coins/images/1167/large/VET.png?1742383283,0.00910412,782817501,89,782817501,21659961.0,0.00988909,0.00868723,-0.000564134778800681,-5.9899,-48507884.28410697,-5.83501,85985041177.0,85985041177.0,86712634466.0,0.280991,-96.76,2021-04-18T17:08:21.000Z,0.00191713,374.882,2020-03-12T18:29:59.000Z,"{'times': 0.186829096343471, 'currency': 'eth', 'percentage': 18.6829096343471}",2026-09-24T05:57:20.000Z,-5.9899,55.8557,28.5739,VET-USD
dash,dash,Dash,https://coin-images.coingecko.com/coins/images/19/large/dash-logo.png?1696501423,59.87,768908745,90,768912917,209209400.0,65.48,57.06,-2.970174232528393,-4.94676,-38089822.84674752,-4.71994,12841525.3090592,12841606.31362536,18920000.0,1493.59,-95.99121,2017-12-19T16:00:00.000Z,0.213899,27892.14961,2014-02-13T16:00:00.000Z,,2026-09-24T05:57:20.000Z,-4.94676,38.6781,-1.0218,DASH-USD
eutbl,eutbl,Spiko EU T-Bills Money Market Fund,https://coin-images.coingecko.com/coins/images/39657/large/EUTBL.png?1723517425,1.21,765835784,91,765835784,0.0,1.21,1.2,-0.004531465946432833,-0.37448,-12246444.73721683,-1.57393,635257311.01475,635257311.01475,,1.26,-4.39845,2026-01-27T13:00:08.000Z,1.011,19.25096,2024-08-15T01:45:23.000Z,,2026-09-24T05:57:20.000Z,-0.37448,-2.2041,-0.6126,EUTBL-USD
superstate-short-duration-us-government-securities-fund-ustb,ustb,Invesco Short Duration US Government Securities Fund,https://coin-images.coingecko.com/coins/images/35012/large/Invesco_icon_lg.png?1780816895,11.22,739219806,92,739219806,0.0,11.22,11.22,0.001098,0.00979,5759485.0,0.78525,65877512.830665,65895334.078029,,11.22,0.0,2026-09-23T14:50:00.000Z,10.29,9.04083,2025-02-26T01:55:09.000Z,,2026-09-24T05:57:20.000Z,0.00979,0.3109,0.0674,USTB-USD
gho,gho,GHO,https://coin-images.coingecko.com/coins/images/30663/large/gho-token-logo.png?1720517092,0.99905,698328818,93,698328818,5803108.0,0.999329,0.998743,0.00015156,0.0133,98978.0,0.01418,699000000.0,699000000.0,,1.03,-2.99004,2024-02-28T09:15:58.000Z,0.917065,8.93985,2023-10-23T20:41:04.000Z,,2026-09-24T05:57:20.000Z,0.0133,0.0172,0.064,GHO-USD
stable-2,stable,​​Stable,https://coin-images.coingecko.com/coins/images/69242/large/stable-logotype-framed-square-light.png?1762753913,0.02612409,695029178,94,2612943861,12225515.0,0.0272989,0.02452288,0.00152538,6.1596,41450549.0,6.34209,26599468449.0,100000000000.0,100000000000.0,0.04323745,-39.57996,2026-05-14T23:31:00.000Z,0.0092214,183.29855,2025-12-23T21:49:32.000Z,,2026-09-24T05:57:20.000Z,6.1596,-11.2227,7.7112,STABLE-USD
aerodrome-finance,aero,Aerodrome Finance,https://coin-images.coingecko.com/coins/images/31745/large/token.png?1696530564,0.679394,677058011,95,1350662804,72381348.0,0.729364,0.651207,-0.04440627805924413,-6.33215,-41411768.08425808,-5.76388,996558834.467328,1988034890.229641,,2.32,-70.67707,2024-12-07T06:00:38.000Z,1.861e-05,3650598.31143,2023-10-16T17:23:50.000Z,,2026-09-24T05:57:20.000Z,-6.33215,21.8163,24.1261,AERO-USD
aptos,apt,Aptos,https://coin-images.coingecko.com/coins/images/26455/large/Aptos-Network-Profile-Picture_%281%29.png?1788259511,0.769746,670266851,96,930792300,109608136.0,0.857235,0.748681,-0.07173350881766594,-8.79452,-62377428.21213579,-8.51401,870710675.2277224,1209150596.582214,2100000000.0,19.92,-96.13594,2023-01-26T06:25:17.000Z,0.511162,50.58733,2026-08-30T23:47:30.000Z,,2026-09-24T05:57:20.000Z,-8.79452,26.7422,38.4229,APT-USD
ether-fi,ethfi,Ether.fi,https://coin-images.coingecko.com/coins/images/35958/large/etherfi.jpeg?1710254562,0.672435,649067216,97,649067216,52279716.0,0.716341,0.636795,-0.03228874729432274,-4.82409,-31237970.38187349,-4.59176,965350000.0,965350000.0,1000000000.0,8.53,-92.11581,2024-03-27T15:14:46.000Z,0.26653,152.29248,2026-06-05T19:19:15.000Z,,2026-09-24T05:57:20.000Z,-4.82409,9.691,11.2081,ETHFI-USD
pudgy-penguins,pengu,Pudgy Penguins,https://coin-images.coingecko.com/coins/images/52622/large/PUDGY_PENGUINS_PENGU_PFP.png?1733809110,0.00999168,627951895,98,766432222,408180698.0,0.01111058,0.00947753,-0.000551174617866338,-5.75444,-34775926.30780387,-5.24739,62860396090.0,76722808598.35672,88888888888.0,0.068447,-85.40225,2024-12-17T05:05:22.000Z,0.00371517,168.94278,2025-04-08T17:31:57.000Z,,2026-09-24T05:57:20.000Z,-5.75444,-2.1984,39.3044,PENGU-USD
flare-networks,flr,Flare,https://coin-images.coingecko.com/coins/images/28624/large/FLR-icon200x200.png?1696527609,0.00715521,621714199,99,762855753,4320731.0,0.00754627,0.00697667,-0.000297940537042793,-4.05039,-25821738.16787052,-3.98769,86890312184.51483,106616149443.3827,,0.150073,-95.23218,2023-01-09T19:14:05.000Z,0.00586043,22.09373,2026-08-19T10:09:30.000Z,,2026-09-24T05:57:20.000Z,-4.05039,2.3689,12.1518,FLR-USD
beldex,bdx,Beldex,https://coin-images.coingecko.com/coins/images/5111/large/Beldex.png?1696505631,0.075893,597204079,100,754185064,3805155.0,0.076439,0.074887,0.00073741,1.07983,5669368.0,0.95842,7870800633.284466,9939718245.38,,0.450785,-83.16428,2018-12-16T16:00:00.000Z,0.00027519,27478.80287,2019-11-01T03:05:12.000Z,"{'times': -0.6965151593723173, 'currency': 'usd', 'percentage': -69.65151593723174}",2026-09-24T05:57:20.000Z,1.07983,-8.6846,0.5572,BDX-USD
